Aalborg AMBA AAL
Aarhus AAR
Aberdeen Ltd ABZ
Abu Dhabi AUH
Acapulco ACA
Adana-Sakirpasa ADA
Addis Ababa-Bole ADD
Adelaide ADL
Aden ADE
Aerodrom Portoroz doo POW
Agadir – Al Massira AGA
Agen – La Garenne AGF
Agra AGR
Ahmedabad – Sardar Vallabh Bhai Patel Int´l AMD
Ajaccio – Campo Dell´Oro AJA
Akron-Canton Regional CAK
Alamosa-Bergman-San Luis Valley Regional Airfeld ALS
Albany ALB
Albi – Le Sequestre LBI
Albuquerque ABQ
Alderney ACI
Aleppo ALP
Alesund-Vigra AES
Alexandria ESF
Alexandria – El Nhouza ALY
Alexandroupolis National AXD
Alghero-Fertilia AHO
Algiers-Houari Boumedienne ALG
Alicante ALC
Alice Springs ASP
Almaty Int´l ALA
Almeria LEI
Alor Setar – Sultan Abdul Halim AOR
Altenrhein ACH
Amarillo – Rick Husband AMA
Amilcar Cabral SID
Amman-Queen Alia AMM
Amritsar – Raja Sansi ATQ
Amsterdam Schiphol SPL
Anchorage – Ted Stevens ANC
Ancona AOI
Angoulême – Brie-Champniers ANG
Ankara – Esenboga ESB
Annaba-Rabah Bitat AAE
Annecy – Haute Savoie NCY
City Code
Antalya AYT
Antananarivo-Ivato Aerodrome TNR
Antigua-VC Bird SJF
Antofagasta-Cerro Moreno ANF
Antwerp ANR
Appleton/Outagamie County Regional ATW
Aqaba AQJ
Arad ARW
Arica-Chacalluta ARI
Arkhangelsk – Talagi ARH
Aruba – Queen Beatrix AUA
Asheville Regional AVL
Ashkabad ASB
Asmara Int´l ASM
Asturias OVD
Asuncion – Silvio Pettirossi ASU
Aswan – Daraw ASW
Athens Ben Epps AHN
Athens – Eleftherios Venizelos ATH
Athens – Hellinikon ATH
Atlanta – Hartsfeld Atlanta ATL
Atlantic City Int´l ACY
Auckland AKL
Augsburg AGB
Augusta Regional AGS
Austin-Bergstrom AUS
Avignon/Caumont AVN
Badajoz-Talavera la Real BJZ
Baden-Airpark GmbH FKB
Baghdad SDA
Bahrain BAH
Baku – Bina Int´l BAK
Bali-Denpasar-Ngurah Rai DPS
Balikpapan-Sepinggan BPN
Baltimore/Washington Int´l BWI
Bamako-Senou Int´l BKO
Bandaranaike Int´l CMB
Bangalore BLR
Bangkok Int´l BKK
Bangor BGR
Bangui-M´Poko BGF
Banjul Int´l BJL
Bankstown BWU
Barcelona BCN
Bari-Palese BRI
Barnaul BAX
Barra BRR
City Code
Barranquilla-Aeropuerto Int´l Ernesto Cortissoz BAQ
Basel/Mulhouse MLH
Basel/Mulhouse BSL
Baton Rouge Metroplitan BTR
Beauvais/Tille BVA
Beijing – Capital PEK
Beira BEW
Beirut BEY
Belfast BFS
Belfast BFS
Belfast City BHD
Belgrade BEG
Belize-Phillip SW Goldson BZE
Bellingham BLI
Belo Horizonte – Pampulha PLU
Belo Horizonte – Tancredo Neves Int´l CNF
Benbecula BEB
Benghazi – Benina BEN
Bergen, Flesland BGO
Bergerac-Roumaniere EGC
Berlin – Schönefeld SXF
Berlin – Tegel TXL
Berlin – Tempelhof THF
Bermuda BDA
Bern BRN
Beziers/Vias BZR
Biak-Frans Kaisiepo BIK
Biarritz/Bayone/Anglet BIQ
Bilbao BIO
Billings Logan BIL
Billund BLL
Binghamton BGM
Bintulu BTU
Birmingham BHX
Birmingham BHM
Bishkek-Manas KGA
Bismark Municipal BIS
Bissau-Osvaldo Vieira BXO
Blackbushe BBS
Blackpool BLK
Blantyre-Chileka BLZ
Bloemfontein BFN
Bluefeld – Mercer County BLF
Boa Vista Int´l BVB
Bodø BOO
Boeing Field/King County Int´l BFI
Bogotá-El Dorado BOG
City Code
Boise BOI
Bologna-G Marconi BLQ
Bonriki Int´l TRW
Bordeaux/Merignac BOD
Borlänge BLE
Bornholm-Roenne RNN
Boston-Logan BOS
Bourgas BOJ
Bourges BOU
Bournemouth BOH
Bozeman BZN
Bradford Regional BFD
Brasilia Int´l – Presidente Juscelino Kubitschek BSB
Bratislava – M R Stefanik BTS
Brazzaville – Maya Maya BVZ
Bremen – Flughafen Bremen BRE
Brest/Guipavas BES
Brindisi BDS
Brisbane BNE
Brisbane – Archerfeld BNE
Bristol BRS
Bristol – Filton BRS
Brive – La Roche BVE
Brno-Turany BRQ
Brownsville/South Padre Island Int´l BRO
Brunei-Bandar Seri Begawan BWN
Brussels BRU
Brussels-South Charleroi CRL
Bucaramanga – Palo Negro BGA
Bucharest – Baneasa BBU
Bucharest – Otopeni OTP
Budapest – Ferihegy BUD
Buenos Aires – Aeropuerto Ministro Pistarini Int´l Ezeiza EZE
Buenos Aires – Don Torcuato DOT
Buffalo Niagara Int´l BUF
Bujumbura BJM
Bulawayo BUQ
Burbank-Glendale-Pasedena BUR
Burlington B
City Code
Camden CDU
Campbeltown CAL
Campeche – Ingeniero Alberto Acuna Ongay Int´l CPE
Campo Grande CGR
Canberra CBN
Cancun Int´l CUN
Canefeld DCF
Cannes CEQ
Cape Town CPT
Caracas-Maiquetia Simon Bolivar CCS
Carcassonne CCF
Cardiff CWL
Carlisle CAX
Cartagena-Rafael Nunez CTG
Casablanca – Mohammed V CMN
Casper/Natrona County Int´l CPR
Castres – Mazamet DCM
Catania-Fontanarossa CTA
Cayenne – Rochambeau CAY
Cayo Largo-Vilo Acuña Int´l CYO
Chambery/Aix les Bains CMF
Champaign – Willard CMI
Chania K Daskalogiannis CHQ
Channel Islands – Alderney ACI
Channel Islands – Guernsey GCI
Channel Islands – Jersey JER
Charleston-Yeager CRW
Charlotte/Douglas Int´l CLT
Chattanooga Metropolitan CHA
Chavenay PAR
Cheju – Jeju CJU
Chelyabinsk – Balandino CEK
Chengdu/Shuangliu CTU
Chennai/Madras – Meenambakam MAA
Cherbourg-Maupertus CER
Chester CEG
Chetumal CTM
Cheyenne CYS
Chiang Mai Int´l CNX
Chiang Rai CEI
Chicago Midway MDW
Chicago-O´Hare ORD
Chisinau KIV
Chittagong – Shah Amanat Int´l CGP
Christchurch Ltd CHC
Châteauroux/Déols-Marcel Dassault CHR
Ciego de Avila-Maximo Gomez Int´l AVI
City Code
Cienfuegos – Jamie González Int´l CFG
Cincinnati/N Kentucky Int´l CVG
City of Derry – Londonderry LDY
Ciudad del Carmen CME
Ciudad Obregón CEN
Ciudad Victoria CVM
Clermont Ferrand Auvergne CFE
Cleveland – Hopkins CLE
Cochin COK
Cocos Islands CCK
Coimbatore CJB
Colima CLQ
Colmar-Houssen CMR
Cologne/Bonn CGN
Colorado Springs COS
Columbia Metropolitan CAE
Columbus – Port Columbus Int´l CMH
Columbus-Golden Triangle Regional GTR
Conakry-Gbessia CKY
Concepcion CCP
Constanta-Mihail Kogalniceanu CND
Constantine CZL
Cook Is-Rarotonga RAR
Coolangatta – Gold Coast OOL
Copenhagen Roskilde RKE
Copenhagen – Kastrup CPH
Cordoba ODB
Cordoba – Ambrosio l y Taravella COR
Corfu I Kapodistrias CFU
Cork CRK
Corpus Christi Int´l CRP
Cortez Municipal CEZ
Corumba CMG
Cotonou COO
Coventry – West Midlands CVT
Cozumel CZM
Crotone CRV
Crown Point TAB
Cruzeiro do Sul Int´l CZS
Cuernavaca CVJ
Cumberland Regional CBE
Cuneo-Levaldigi CUF
Curacao – Hato CUR
Curitiba – Afonso Pena CWB
Dakar-Yoff – Leopol Sedar Senghor Int´l DKR
Dalaman DLM
Dalian – Zhoushuizi DLC
City Code
Dallas Love Field DAL
Dallas/Fort Worth DFW
Damascus DAM
Dammam – King Fahd OED
Dane County Regional MSN
Dar-es-Salaam DAR
Darwin Int´l DRW
Davao Int´l DVO
Dayton DAY
Daytona Beach Int´l DAB
Deauville/Saint Gatien DOL
Decatur DEC
Delhi – Indira Ghandi DEL
Denver DEN
Des Moines DSM
Detroit City DET
Detroit Metropolitan Wayne County DTW
Dhahran DHA
Dhaka – Zia DAC
Dijon-Bourgogne Aéroport DIJ
Dinard/Plertuit/St Malo DNR
City Code
Edmonton YEG
Egilsstadir EGS
Eilat-J Hozman ETH
Eindhoven EIN
Ekaterinburg – Koltcovo SVX
El Paso ELP
El Salvador Int´l SAL
Elmira/Coring Regional ELM
Enontekiö ENF
Enschede Twente ENS
Entebbe EBB
Epinal/Mirecourt EPL
Erfurt ERF
Erie ERI
Esbjerg EBJ
Essen/Mulheim ESS
Essendon MEB
Evansville Regional EVV
Exeter EXT
Fairbanks Int´l FAI
Faleolo APW
Fargo – Hector FAR
Farnborough FAB
Faro FAO
Fayetteville Municipal – Drake Field FYV
Fayetteville Regional FAY
Fayetteville – Lincoln County Regional FYM
Fes Saiss FEZ
Fiji – Suva Nausori Int´l SUV
Fiji-Nadi NAN
Flagstaff Pulliam FLG
Flamingo BON
Flint – Bishop FNT
Florence Regional FLO
Florence – Amerigo Vespucci FLR
Flores FLW
Forli FRL
Fort Collins-Loveland Municipal FNL
Fort Lauderdale-Hollywood Int´l FLL
Fort McMurray YMM
Fort Myers-SW Florida Int´l RSW
Fort Pierce – St Lucie County Int´l FPR
Fort Smith FSM
Fort Wayne FWA
Fortaleza FOR
Foz do Iguaçu-Cataratas Int´l IGU
Franceville – Mvengue MVB
City Code
Francistown FRW
Frankfurt FRA
Frankfurt-Hahn HHN
Freetown-Lunghi FNA
Fresno Yosemite FAT
Friedrichshafen/Lowental FDH
Fua´amotu Int´l TBU
Fuerteventura FUE
Fujairah FJR
Fukui FKJ
Funchal -o da Madeira FNC
Gaborone-Seretse Khama GBE
Gainesville Regional GLE
Galway GWY
Garoua GOU
Gaya GAY
Gdansk-Trojmiasto Ltd GDN
Geilo – Dagali DLD
Geneva GVA
Genoa GOA
George GRJ
Georgetown – Cheddi Jagan Int´l GEO
Gerona-Costa Brava GRO
Gibraltar GIB
Glasgow Ltd GLA
Glasgow – Prestwick PIK
Gloucestershire GLO
Goa – Dabolim GOI
Gomel (Pokalubichi) GME
Gorna Orjahovica GOZ
Gran Canaria LPA
Granada GRX
Grand Bahama FPO
Grand Cayman-Owen Roberts Int´l GCM
Grand Forks Int´l GFK
Grand Junction – Walker Field GJT
Grand Rapids/Kent County Int´l GPZ
Grand Turk GDT
Grande Case – L´Esperance SFG
Grant County MWH
Grantley Adams Int´l BGI
Graz GRZ
Great Falls GTF
Greater Los Angeles/March GlobalPort RIV
Greater Rochester Int´l ROC
Greenville Spartanburg GSP
Grenada-Point Salines Int´l GND
City Code
Grenoble/Saint-Geoirs GNB
Groningen Eelde GRQ
Guadalajarra-Don Miguel Hidalgo GDL
Guam-Antonio BWon Pat Int´l GUM
Guangzhou Baiyun CAN
Guatemala City – La Aurora GUA
Guayaquil-Simon Bolivar GYE
Guaymas – General Jose Maria Yanez Intl GYM
Gulfport – Biloxi GPT
Göteborg City GSE
Göteborg-Landvetter GOT
Hagerstown Regional HGR
Haifa – U Michaeli HFA
Halifax Stanfeld YHZ
Hamburg HAM
Hamilton YHM
Hannover HAJ
Hanoi – Noi Bai HAN
Harare HRE
Harbin – Taiping HRB
Harrisburg HAR
Harstad/Narvik – Evenes EVE
Hartford – Springfeld – Bradley BDL
Hastings Municipal HSI
Hat Yai Int´l HDY
Haugesund HAU
Haverfordwest HAW
Helsinki – Malmi HEM
Helsinki – Vantaa HEL
Henderson HIR
Heraklion – Nikos Kazantzakis HER
Hickory Regional HKY
Hierro VDE
Hilton Head Island HXD
Hiroshima HIJ
Ho Chi Minh City – Tan Son Nhat Int´l SGN
Hobart HBA
Holguin-Frank Pais Int´l HOG
Hong Kong (HKG) HKG
Honolulu HNL
Horta HOR
Houston – George Bush Intercontinental IAH
Houston – William P Hobby HOU
Humberside Ltd HUY
Huntington Tri-State HTS
Huntsville HSV
Hurgadah HRG
City Code
Hyderabad HYD
Ibiza IBZ
Ile d´Yeu – Grand Phare IDY
Indianapolis IND
Innsbruck INN
Inverness-Dalcross INV
Inyokern – Kern County IYK
Ioannina National IOA
Ipoh – Sultan Azlan Shah IPH
Iquitos IQT
Irkutsk IKT
Islamabad ISB
Islay ILY
Isle of Man IOM
Isles of Scilly-St Mary´s ISC
Istanbul – Atatürk IST
Ithaca – Tompkins County ITH
Ivalo Int´l IVL
Izmir – Adnan Menderes ADB
Jackson Hole JAC
Jackson Int´l JAN
Jacksonville JAX
Jaipur – Sanganeer JAI
Jakarta – Halim Perdanakusuma Int´l HLP
Jakarta – Soekarno Hatta JKT
Jeddah – King Abdulaziz JED
Joe Foss Field-Sioux Falls FSD
Joensuu JOE
Johannesburg JNB
Johnstown – Cambria County JST
Johor Bahru – Sultan Ismail JHB
Jyvaskyla JYV
Jönköping JKJ
Kabul-Khwaja Rawash KBL
Kajaani KAJ
Kalamazoo/Battle Creek Int´l AZO
Kalmar KLR
Kano – Mallam Aminu Kano KAN
Kansas City MCI
Kansas City Downtown MKC
Kaohsiung Int´l KHH
Karachi KHI
Karaganda – Sary Arka KGF
Kariba KAB
Karlovy Vary KLV
Karonga KGJ
Karup KRP
City Code
Kasane BBK
Kassel KSF
Kathmandu – Tribhuvan KTM
Katowice KTW
Kaunas KUN
Kavala-Megas Alexandros Int´l KVA
Kazan KZN
Kefallinia EFL
Keflavik KEF
Kelowna YLW
Kemi-Tornio KEM
Kerry KIR
Key West EYW
Khabarovsk – Novy KHV
Khartoum KRT
Kiev – Boryspil State KBP
Kiev – Zulhany IEV
Kigali KGL
Kilimanjaro JRO
Kimberley KIM
Kingston – Norman Manley KIN
Kinshasa-N´Djili FIH
Kinston – North Carolina Global Transpark ISO
Kirkenes KKN
Kirkwall KOI
Kiruna KRN
Kittilä KTT
Klagenfurt KLU
Klamath Falls Int´l LMT
Knock Int´l NOC
Knoxville – McGhee Tyson TYS
Kochi KCZ
Kolkata – Netaji Subhas Chanra Bose Int´l CCU
Komatsu KMQ
Kortrijk-Wevelgem/Flanders Int´l FIA
Kos – Ippokratis KGS
Kosice KSC
Kota Bharu – Sultan Ismail Petra KBR
Kota Kinabalu Int´l BKI
Kotoka ACC
Krakow-Balice KRK
Krasnoyarsk KJA
Kristianstad – Everod KID
Krivij Rig KWG
Kruunupyy – Kokkola-Pietarsaari KOK
Kuala Lumpur – KLIA KUL
Kuala Lumpur – Sultan Abdul Aziz Shah SZB
City Code
Kuala Terengganu – Sultan Mahmud TGG
Kuantan – Sultan Haji Ahmad Shah KUA
Kuching Int´l KCH
Kumamoto KMJ
Kumasi KMS
Kunming – Wujiaba KMG
Kuopio KUO
Kuressaare URE
Kuusamo KAO
Kuwait KWI
Kärdla KDL
La Ceiba – Golson LCE
La Coruña LCG
La Crosse Municipal LSE
La Havana – Jose Marti HAV
La Palma SPC
La Paz-El Alto LPB
La Paz-Manuel de Leon LAP
La Rochelle – Ile de Ré LRH
Laayoune Hassan EUN
Labuan LBU
Lae LAE
Lafayette Regional LFT
Lagos – Murtala Muhammed LOS
Lahad Datu LDU
Lahore – Allama Iqbal LHE
Lahr – Black Forest LHA
Lake Tahoe TVL
Lakselv – Banak LKL
Lambarene LBQ
Lamezia SUF
Lancaster LNS
Langkawi LGK
Lannion LAI
Lanseria HLA
Lansing – Capital City LAN
Lanzarote ACE
Lappeenranta LPP
Laredo Int´l LRD
Larnaca LCA
Las Vegas – McCarran LAS
Launceston LST
Le Bourget LBG
Le Havre/Octeville LEH
Le Touquet-Côte d´Opale LTQ
Leeds Bradford LBA
Lehigh Valley ABE
City Code
Leipzig/Halle LEJ
Lelystad LEY
Lexington/Blue Grass LEX
Libreville-Leon M´Ba Int´l LBV
Liepaja LPX
Lihue LIH
Lille LIL
Lilongwe LLW
Lima – Jorge Chavez CLX
Limnos LXS
Limoges/Bellegarde LIG
Limon LMH
Linz – Blue Danube LNZ
Lisbon LIS
Little Rock National LIT
Liverpool – John Lennon LPL
Livingstone LVI
Liège LGG
Ljubljana D D LJU
Ljubljana D Dndoza-El Plumerillo MDZ
Lome-Tokoin LFW
London – Biggin Hill BQH
London – City LCY
London – Gatwick LGW
London – Heathrow LHR
London – Luton LTN
London – Manston MSE
London – Southend SEN
London – Stansted STN
Long Beach LGB
Long Island – MacArthur ISP
Lorain County Regional LPR
Lorient/Lann-Bihoué LRT
Los Angeles LAX
Louisville SDF
Luanda – 4 de Fevereiro LAD
Lubbock LBB
Lucknow – Amausi LKO
Luebeck – Blankensee LBC
Lugano LUG
Luleå-Kallax Cargo LLA
Lusaka LUN
Luxembourg-Findel LUX
Luxor LXR
Lydd LYX
Lynchburg Regional LYH
Lyon – Aéroport Lyon-Saint Exupéry LYS
City Code
Lyon/Bron Int´l LYS
Maastricht Aachen MST
Macau MFM
Mackay MKY
Mactan – Cebu Int´l NOP
Madrid – Barajas MAD
Madrid – Cuatro Vientos MCV
Magadan Sokol GDX
Makedonia-Thessaloniki SKG
Malabo SSG
Malaga AGP
Male MLE
Malmö – Sturup MMX
Malta Int´l MLA
Manado – Sam Ratulangi MDC
Managua – Augusto Cesar Sandino MGA
Manaus-Eduardo Gomes Int´l MAO
Manchester MHT
Manchester MAN
Mandalay MDL
Manila – Ninoy Aquino Int´l MNL
Manzanillo-Sierra Maestra Int´l MZO
Maputo MPM
Marathon MTH
Maribor Aerodrom MBX
Mariehamn MHQ
Marrakech – Menara RAK
Marseille/Provence MRS
Martinique-Lamentin FDF
Maseru-Moshoeshoe 1 MSU
Mason City Municipal MCW
Matamoros – General Servando Canales MAM
Matsapha MTS
Matsumoto MMJ
Maun MUB
Mazatlan – General Rafael Buelna MZT
Mbandaka MDK
McAllen – Miller MFE
Medan-Polonia MES
Medellin – Jose Maria Cordova MDE
Melaka – Batu Berendam MKZ
Melbourne Int´l MLB
Melbourne – Tullamarine MEL
Melilla MLN
Melo – Aeropuerto Int´l de Cerro Largo MLZ
Melville Hall DOM
Memphis MEM
City Code
Menorca MAH
Mercedita PSE
Merida – Licenciado Manuel Crecencio Rejon Int´l MID
Meridian Regional-Key Field MEI
Metz/Nancy/Lorraine ETZ
Mexico-Benito Juarez MEX
Miami MIA
Midland MAF
Mikkeli City MIK
Milan – Orio Al Serio BGY
Milan-Linate LIN
Milan-Malpensa MXP
Milwaukee – General Mitchell Int´l MKE
Minneapolis-St Paul Int´l MSP
Minot MOT
Minsk National MSQ
Miri MYY
Misawa MSJ
Missoula Int´l – Johnson-Bell Field MSO
Mitilini MJT
Mobile Downtown BFM
Mobile Regional MOB
Modesto City County MOD
Mogadishu MGQ
Molde-Aaro MOL
Mombasa – Moi Int´l MBA
Monaco Heliport MCM
Moncton YQM
Monrovia-Roberts ROB
Montego Bay – Sangster MBJ
Monterrey MTY
Montevideo – Carrasco MUD
Montpellier – Mediterranée Aéroport MPL
Montréal–Mirabel YMX
Montréal–Pierre Elliott Trudeau YUL
Montserrat MNI
Moorabbin MBW
Mora – Siljan MXX
Moscow – Domodedovo DME
Moscow – Sheremetyevo SVO
Moscow – Vnukovo VKO
Mostar OMO
Mount Isa ISA
Mumbai/Bombay – Chhatarpati Shivaji BOM
Munich MUC
Murmansk MMK
Muscat-Seeb MCT
City Code
Münster-Osnabrück MSR
Nagoya NGO
Nairobi – Jomo Kenyatta NBO
Nampula APL
Nancy/Essey Aéroport ENC
Nanjing Lukou Co Ltd NKG
Nantes-Atlantique NTE
Nantucket Memorial ACK
Naples Municipal APF
Naples-Capodichino NAP
Narssarssuaq UAK
Nashville BNA
Nassau NAS
Natal – Augusto Severo NAT
Nauru INU
Ndola and Kitwe NLA
Nevis – Newcastle NEV
New Caledonia NOU
New Haven HVN
New Orleans – Louis Armstrong MSY
New York – John F Kennedy JFK
New York-La Guardia LGA
Newark EWR
Newcastle NTL
Newcastle NCL
Newquay Cornwall NQY
Niamey Diori Hamani NIM
Nice/Cote
D´Azur NCE
Niigata KIJ
Nimes/Arles/Camargue FNI
Nogales NOG
Norfolk ORF
Norrköping NRK
North Platte Regional LBF
Northern Maine Regional PQI
Norwich NWI
Nouadhibou Aerodrome NDB
Nouakchott Aerodrome NKO
Novosibirsk Tolmachevo OVB
Nuevo Laredo – Quetzalcoatl NLD
Nuremberg NUE N´Djamena NDH
Oakland OAK
Oaxaca OAX
Odense ODE
Odessa ODS
Ohrid OHD
City Code
Okayama OKJ
Okinawa/Naha OKA
Oklahoma City-Will Rogers World OKC
Olbia-Costa Smerelda OLB
Omaha-Eppley Airfeld OMA
Ontario Int´l ONT
Oporto – Fr SA Carneiro OPO
Orkney Is – Eday Airstrip EOI
Orkney Is – N Ronaldsay Airstrip NRL
Orlando MCO
Orlando/Sanford Central Florida Regional SFB
Osaka – Itami ITM
Osaka – Kansai Co Ltd KIX
Oslo – Gardermoen GEN
Ostend OST
Ostrava Int´l OSR
Ottawa YOW
Ouagadougou OUA
Ouarzazate OZZ
Oujda Angads OUD
Oulu OUL
Oxford OXF
Paderborn/Lippstadt PAD
Pago Pago PPG
Palanga PLQ
Palembang – Sultan Mahmud Badaruddin II PLM
Palermo -o Falcone e Borsellino PMO
Palm Beach Int´l PBI
Palm Springs Regional PSP
Palma De Mallorca PMI
Pamplona PNA
Panama City-Tocumen PTY
Panama City/Bay County Int´l PFN
Paphos PFO
Paramaribo – Johan Adolf Pengel Int´l PBM
Pardubice PED
Paris – Charles De Gaulle CDG
Paris – Orly ORY
Paris – Pontoise POX
Parkersburg – Mid-Ohio Valley Regional PKB
Paro PBH
Patna PAT
Patras/Araxos National GPA
Pau – Pyrenees PUF
Penang PEN
Pendleton/Eastern Oregon Regional PDT
Pensacola PNS
City Code
Penzance Heliport PZE
Peoria – Greater Peoria Regional PIA
Pereira-Matecana PEI
Perpignan/Rivesaltes PGF
Perth Int´l – Westralia Corporation PER
Peru/Grissom Aeroplex IND
Peshawar PEW
Petropavlovsk-Kamchatsky – Yelizovo PKC
Philadelphia PHL
Phnom Penh PNH
Phoenix Sky Harbor Int´l PHX
Phuket Int´l HKT
Piarco POS
Piedmont Triad Int´l GSO
Piestany PZY
Pilanesburg NTY
Pisa PSA
Pittsburgh DTP
Piura PIU
Plattsburgh Clinton County PLB
Plattsburgh Int´l AFB PBG
Plovdiv PDV
Plymouth City PLH
Point-a-Pitre Le Raizet PTP
Pointe – Noire Aerodrome PNR
Poitiers – Biard PIS
Ponta Pora Int´l PMG
Pontianak – Supadio PNK
Poprad-Tatry TAT
Pori POR
Port Angeles-William R Fairchild Int´l CLM
Port Elizabeth PLZ
Port Gentil POG
Port Harcourt PHC
Port Moresby/Jacksons POM
Port Vila – Bauerfeld VLI
Port-au-Prince PAP
Portland PDX
Porto Alegre – Salgado Filho Int´l POA
Porto Santo PXO
Poughkeepsie – Dutchess County POU
Poza Rica – Tajin PAZ
Poznan-Lawica POZ
Prague-Ruzyne PRG
Prince George YXS
Providence-Theodore Francis Green PVD
Providenciales PLS
City Code
Provincetown Municipal PNN
Puebla – Hermanos Serdan PBC
Puerto Montt-El Tepual PMC
Puerto Plata POP
Puerto Vallarta Int´l – Gustavo Diaz Ordaz PVR
Pula PUY
Punta Arenas PUQ
P´yongyang-Sunan FNJ
Quaid-e-Azam KHI
Querétaro – Ingeniero F Espinoza Gutierrez Int´l QRO
Quimper – Pluguffan UIP
Quito-Mariscal Sucre UIO
Québec YQB
Rabat-Sale RBA
Rabaul-Lakunai RAB
Rafha RAH
Raleigh – Durham Int´l RDU
Rapid City Regional RAP
Ras Al Khaimah RKT
Reading Regional RDG
Recife – Guararapes/Gilberto Freyre Int´l REC
Redmond Municipal – Roberts Field RDM
Reims/Champagne RHE
Rennes/Saint-Jacques RNS
Reno/Tahoe RNO
Reus REU
Reykjavik REK
Rhinelander – Oneida County RHI
Rhodes-Diagoras RHQ
Richmond RIC
Rickenbacker LCK
Riga RIX
Rijeka-Riviera Kvarner RJK
Rimini – Miramareo RMI
Rio Branco – Presidente Medici RBR
Rio De Janeiro – Santos Dumont GIG
Rio de Janeiro-Galeão – Antonio Carlos Jobim International A GIG
Riyadh – King Khaled RUH
Roanoke Regional ROA
Rochester RST
Rock Sound RSD
Rocky Mount/Wilson Regional RWI
Rodez/Marcillac RDZ
Roland Garros RUN
Rome – Ciampino CIA
Rome-Leonardo da Vinci Fiumicino FCO
Rosh Pina – Mahanaim Ben Yaakov RPN
City Code
Roswell Industrial Air Center ROW
Rotterdam RTM
Rovaniemi RVN
Rzeszow-Jasionka RZE
Saarbrucken SCN
Sabadell QSA
Sacramento County System SMF
Saint Brieuc-Armor SBK
Saint Croix – Henry E Rohlsen STX
Saint Etienne/Boutheon EBU
Saint Kitts – Robert Bradshaw SKB
Saint Louis – Lambert Int´l STL
Saint Lucia – Hewanorra UVW
Saint Lucia-Vigie SLU
Saint Maarten-Princess Juliana SXM
Saint Thomas-Cyril E King STT
Saint Vincent-E T Joshua SVD
Saipan SPN
Salalah SLL
Salamanca SLM
Salina SLN
Salisbury/Ocean City Regional SBY
Salt Lake City SLC
Salta SLA
Salzburg – W A Mozart SZG
Samarkand SKD
Samos SMI
San Andres – Gustavo Rojas Pinilla ADZ
San Angelo Regional/Mathis Field SJT
San Antonio SAT
San Diego SAN
San Francisco SFO
San Javier/Murcia MJV
San Jose SJC
San Jose – Juan Santamaria SJO
San José – Tobias Bolanos SYQ
San Juan – Luiz Munoz Marin SJU
San Luis County Regional SBP
San Pedro Sula – La Mesa SAP
San Sebastian – Fuenterrabia EAS
Sana´a SAH
Sandakan SDK
Sandefjord – Torp TRF
Santa Ana – John Wayne SNA
Santa Barbara SNA
Santa Maria SMA
Santander – Parayas SDR
City Code
Santarém Int´l STM
Santiago SCQ
Santiago – Antonio Maceo SCU
Santiago – Arturo Merino Benitez SCL
Santo Domingo-Las Americas SDQ
Sao Tome TMS
Sarajevo SJJ
Saranac Lake-Adirondack Regional SLK
Sarasota Bradenton Int´l SRQ
Saratov – Tsentralny RTW
Saskatoon YXE
Satu Mare SUJ
Savannah SAV
Savonlinna SVL
Seattle/Tacoma SEA
Sebha SEB
Seinäjoki SJY
Selebi Phikwe PKW
Sendai SDJ
Seoul – Incheon ICN
Seoul – Kimpo SEL
Seville – San Pablo SVQ
Seychelles Int´l SEZ
Sfax-el-Maou SFA
Shanghai – Hong Qiao SHA
Shanghai – Pudong PVG
Shannon SHN
Sharjah SHJ
Sheffeld City SZD
Shenyang – Taoxian SHE
Shenzhen – Baoan SZX
Shetland Island – Sumburgh LSI
Shiraz – Shahid Dastghaib SYZ
Shoreham ESH
Shreveport Regional SHV
Sibu SBW
Sidney Municipal SDY
Singapore – Changi SIN
Sion SIR
Sioux Falls Regional FSD
Sioux Gateway SUX
Sir Seewoosagur Ramgoolam MRU
Skive SQW
Skopje SKP
Sliac SLD
Sligo Regional SXL
Sofa EAD SOF
City Code
Sondre Stromfjord/Kangerlussuaq SFJ
South Bend Regional SBN
South Caicos SLX
Southampton SOU
Split SPU
Spokane GEG
Springfeld – Branson Regional SGF
St Moritz – Samedan SMV
St Nazaire/Montoir SNR
St Petersburg-Clearwater Int´l PIE
St Petersburg-Pulkovo LED
St Tropez du Golfe LTT
St. John's YYT
State College SCE
Stauning Vestjyllands STA
Stavanger SVG
Stewart SWF
Stockholm – Arlanda ARN
Stockholm – Bromma BMA
Stockholm – Skavsta NYO
Stord – Soerstokken SRP
Stornoway STY
Strasbourg - S
Stuttgart STR
Sundsvall-Härnösand SDL
Surabaya-Juanda Int´l SUB
Surakarta – Adi Sumarmo Wiryokusumo SOC
Svalbard-Longyear LYR
Swansea SWS
Sydney SYD
Syracuse – Hancock SYR
Szczecin – Goleniow SZZ
São Paulo – Congonhas Int´l CGH
São Paulo – Guarulhos Int´l SAO
São Paulo – Viracopos VCP
Sønderborg SGD
Tabarka-7 Novembre Int´l TBJ
Tahiti – Faa´a PPT
Taipei-Chiang Kai Shek TPE
Tallinn TLL
Tamale ACC
Tampa Int´l TPA
Tampere-Pirkkala TMP
Tanga TGT
Tangier – Boukhalef TNG
Tarbes-Lourdes-Pyrennes LDE
Targu Mures TGM
City Code
Tartu Raadi Ltd TAY
Tashkent – Yuzhny TAS
Tawau TWU
Tbilisi TBS
Teesside MME
Tegucigalpa-Toncontin TGU
Tehran – Mehrabad THR
Tehuacán TCN
Tel Aviv-Ben Gurion TLV
Tel Aviv-Dov Hoz SDV
Tenerife North TFN
Tenerife South TFS
Tennant Creek TCA
Tepic TPQ
Thiruvanthapuram Int´l TRV
Thisted TED
Thunder Bay YQT
Tianjin – Binhai TSN
Tirana – Rinas Mother Teresa TIA
Tiree TRE
Tiruchirapalli TRZ
Tokyo – Haneda Int´l HNT
Tokyo-Narita Int´l NRT
Toledo Express TOL
Toluca – Licenciado Adolfo Lopez Mateos Int´l TLC
Toronto YYZ
Toulon/Hyeres TLN
Toulouse-Blagnac TLS
Townsville Int´l TSV
Toyama TOY
Tozeur – Nefta TOE
Trenton – Mercer County TTN
Treviso-San Angelo TSF
Tri-Cities Regional TRI
Trieste – R Dei Legionari TRS
Tripoli TIP
Tromsø TOS
Trondheim/Vaernes TRD
Tucson TUS
Tulcea TCE
Tulsa TUL
Tunis – Carthage TUN
Tupelo Municipal TUP
Turin TRN
Turku TRK
Tuxtla Gutiérrez – Francisco Sarabia TGZ
Tyler Pounds Regional TYR
City Code
Tyumen – Roshchino TJM
Uherské Hradiste – Kunovice UHE
Ulan Bator – Buyant Ukha ULN
Ulyanovsk-Vostochny ULY
Umeå UME
Upington UTN
Uruapan – Licenciado Y Gen Ignacio Lopez Rayon UPN
Urumqi – Diwopu URC
Utica – Oneida County UCA
Vaasa VAA
Vagar FAE
Valence/Chabeuil VAF
Valencia VLC
Valladolid VLL
Vancouver YVR
Varadero-Juan G Gomez Int´l VRA
Varanasi VNS
Varkaus VRK
Varna Ltd VAR
Venice-Aeroporto Marco Polo VCE
Vero Beach VRB
Verona-Valerio Catullo VRN
Vichy/Charmeil VHY
Victoria Falls VFA
Victoria, CA YYJ
Vienna VIE
Vientiane – Wattay VTE
Vigo VGO
Vilnius Int´l VNO
Virgin Gorda VIJ
Viseu VSE
Vitoria Int´l VIT
Vladivostok (JSC Vladivostok Air) VVO
Vojens – Skrydstrup SKS
Växjö – Urasa VXO
Wakkanai WKJ
Wallis Hihifo WLS
Warsaw – Frederic Chopin WAW
Washington – Dulles IAD
Washington – Ronald Reagan National DCA
Waterford Regional WAT
Waterloo Municipal ALO
Watertown Int´l ART
Wausau/Central Wisconsin Regional CWA
Wellington WLG
Wenatchee/Pangborn Memorial EAT
Westchester County HPN
City Code
Westerland-SFG Sylter Flughafen GmbH & Co GWT
Wichita Mid-Continent ICT
Wick Aerodrome WIC
Wilkes-Barre – Scranton Int´l WBW
Williams Gateway IWA
Williamsport Regional IPT
Wilmington Int´l ILM
Windhoek – Hosea Kutako WDH
Windsor, CA YQG
Winnipeg YWG
Winston-Salem INT
Worcester Regional ORH
Wroclaw-Strachowice WRO
Yangon RGN
Yaounde-Nsimalen NSI
Yerevan-Zvartnots EVN
Yogyakarta-Adi Sucipto JOG
Yuzhno-Sakhalinsk UUS
Örnsköldsvik OER
Östersund OSD